trial,features,formula,f1_class0,f1_class1,f1_class2,f1_macro
0,age,age,0.6445401570813276,0.0,0.35757792905768543,0.3340393620463377
1,age,age,0.6445401570813276,0.0,0.35757792905768543,0.3340393620463377
2,age;renewal_pressure;short_tenure_high_interval,sqrt((age)^2),0.6445401570813276,0.0,0.35757792905768543,0.3340393620463377
3,age,age,0.6445401570813276,0.0,0.35757792905768543,0.3340393620463377
4,age;contract_ratio,(age)^2,0.6445401570813276,0.0,0.35757792905768543,0.3340393620463377
5,subscription_type;age,(freq(subscription_type) * age),0.6416347381864623,0.02868617326448652,0.3551064597618188,0.34180912373758926
6,age;freq_per_tenure;short_tenure_high_interval;is_older_group,(((age + freq_per_tenure) - short_tenure_high_interval) / is_older_group),0.6246590289143481,0.18851380973257342,0.32954961552544854,0.38090748472412334
7,age;payment_freq_alignment;payment_per_freq;subscription_code,(((age - payment_freq_alignment) - payment_per_freq) / subscription_code),0.6246827027680406,0.09124278972207656,0.18207024029574861,0.29933191092862194
8,subscription_type;age,(freq(subscription_type) - age),0.6416347381864623,0.02868617326448652,0.3551064597618188,0.34180912373758926
9,age,age,0.6445401570813276,0.0,0.35757792905768543,0.3340393620463377
10,gender;age,(freq(gender) / age),0.6386856629444231,0.03745743473325766,0.35757792905768543,0.3445736755784554
11,gender;age,(freq(gender) / age),0.6386856629444231,0.03745743473325766,0.35757792905768543,0.3445736755784554
12,gender;age,(freq(gender) / age),0.6386856629444231,0.03745743473325766,0.35757792905768543,0.3445736755784554
13,gender;age,(freq(gender) / age),0.6386856629444231,0.03745743473325766,0.35757792905768543,0.3445736755784554
14,gender;age,(freq(gender) / age),0.6386856629444231,0.03745743473325766,0.35757792905768543,0.3445736755784554
15,gender;age,(freq(gender) + age),0.6386856629444231,0.03745743473325766,0.35757792905768543,0.3445736755784554
16,gender;age,(freq(gender) + age),0.6386856629444231,0.03745743473325766,0.35757792905768543,0.3445736755784554
17,gender;age,(freq(gender) + age),0.6386856629444231,0.03745743473325766,0.35757792905768543,0.3445736755784554
18,gender;age,(freq(gender) + age),0.6386856629444231,0.03745743473325766,0.35757792905768543,0.3445736755784554
19,subscription_type;age,(freq(subscription_type) + age),0.6416347381864623,0.02868617326448652,0.3551064597618188,0.34180912373758926
20,gender;age,(freq(gender) + age),0.6386856629444231,0.03745743473325766,0.35757792905768543,0.3445736755784554
21,gender;age,(freq(gender) + age),0.6386856629444231,0.03745743473325766,0.35757792905768543,0.3445736755784554
22,gender;age,(freq(gender) + age),0.6386856629444231,0.03745743473325766,0.35757792905768543,0.3445736755784554
23,gender;age,(freq(gender) + age),0.6386856629444231,0.03745743473325766,0.35757792905768543,0.3445736755784554
24,gender;age,(freq(gender) + age),0.6386856629444231,0.03745743473325766,0.35757792905768543,0.3445736755784554
25,gender;age,(freq(gender) * age),0.6386856629444231,0.03745743473325766,0.35757792905768543,0.3445736755784554
26,subscription_type;age,(freq(subscription_type) * age),0.6416347381864623,0.02868617326448652,0.3551064597618188,0.34180912373758926
27,gender;age,(freq(gender) * age),0.6386856629444231,0.03745743473325766,0.35757792905768543,0.3445736755784554
28,gender;age,(freq(gender) * age),0.6386856629444231,0.03745743473325766,0.35757792905768543,0.3445736755784554
29,gender;age,(freq(gender) * age),0.6386856629444231,0.03745743473325766,0.35757792905768543,0.3445736755784554
30,subscription_type;age,(freq(subscription_type) * age),0.6416347381864623,0.02868617326448652,0.3551064597618188,0.34180912373758926
31,gender;age,(freq(gender) * age),0.6386856629444231,0.03745743473325766,0.35757792905768543,0.3445736755784554
32,gender;age,(freq(gender) * age),0.6386856629444231,0.03745743473325766,0.35757792905768543,0.3445736755784554
33,gender;age,(freq(gender) * age),0.6386856629444231,0.03745743473325766,0.35757792905768543,0.3445736755784554
34,gender;age,(freq(gender) * age),0.6386856629444231,0.03745743473325766,0.35757792905768543,0.3445736755784554
35,age;vip_low_interaction;vip_inactive,(sqrt(age))^2,0.6445401570813276,0.0,0.35757792905768543,0.3340393620463377
36,gender;age,(freq(gender) * age),0.6386856629444231,0.03745743473325766,0.35757792905768543,0.3445736755784554
37,age;contract_length,log(age),0.6445401570813276,0.0,0.35757792905768543,0.3340393620463377
38,gender;age,(freq(gender) * age),0.6386856629444231,0.03745743473325766,0.35757792905768543,0.3445736755784554
39,gender;age,(freq(gender) - age),0.6386856629444231,0.03745743473325766,0.35757792905768543,0.3445736755784554
40,age;payment_interval;interaction_rate,((age * payment_interval) / interaction_rate),0.622566267886465,0.05482456140350877,0.10531594784353059,0.26090225904450143
41,gender;age,(freq(gender) * age),0.6386856629444231,0.03745743473325766,0.35757792905768543,0.3445736755784554
42,gender;age,(freq(gender) * age),0.6386856629444231,0.03745743473325766,0.35757792905768543,0.3445736755784554
43,gender;age,(freq(gender) * age),0.6386856629444231,0.03745743473325766,0.35757792905768543,0.3445736755784554
44,subscription_type;age,(freq(subscription_type) * age),0.6416347381864623,0.02868617326448652,0.3551064597618188,0.34180912373758926
45,gender;age,(freq(gender) * age),0.6386856629444231,0.03745743473325766,0.35757792905768543,0.3445736755784554
46,age;short_tenure_high_interval,(age / short_tenure_high_interval),0.6320874065554917,0.02534562211981567,0.10872974385781495,0.2553875908443741
47,gender;age,(freq(gender) - age),0.6386856629444231,0.03745743473325766,0.35757792905768543,0.3445736755784554
48,subscription_type;age,(freq(subscription_type) * age),0.6416347381864623,0.02868617326448652,0.3551064597618188,0.34180912373758926
49,gender;age,(freq(gender) * age),0.6386856629444231,0.03745743473325766,0.35757792905768543,0.3445736755784554
50,gender;age,(freq(gender) * age),0.6386856629444231,0.03745743473325766,0.35757792905768543,0.3445736755784554
51,gender;age,(freq(gender) * age),0.6386856629444231,0.03745743473325766,0.35757792905768543,0.3445736755784554
52,gender;age,(freq(gender) * age),0.6386856629444231,0.03745743473325766,0.35757792905768543,0.3445736755784554
53,gender;age,(freq(gender) * age),0.6386856629444231,0.03745743473325766,0.35757792905768543,0.3445736755784554
54,gender;age,(freq(gender) * age),0.6386856629444231,0.03745743473325766,0.35757792905768543,0.3445736755784554
55,gender;age,(freq(gender) / age),0.6386856629444231,0.03745743473325766,0.35757792905768543,0.3445736755784554
56,gender;age,(freq(gender) - age),0.6386856629444231,0.03745743473325766,0.35757792905768543,0.3445736755784554
57,age;older_low_contract;interaction_rate;contract_ratio,log(log((age * older_low_contract))),0.6369656833232992,0.0,0.26134453781512607,0.2994367403794751
58,gender;age,(freq(gender) * age),0.6386856629444231,0.03745743473325766,0.35757792905768543,0.3445736755784554
59,gender;age,(freq(gender) * age),0.6386856629444231,0.03745743473325766,0.35757792905768543,0.3445736755784554
60,gender;age,(freq(gender) / age),0.6386856629444231,0.03745743473325766,0.35757792905768543,0.3445736755784554
61,gender;age,(freq(gender) * age),0.6386856629444231,0.03745743473325766,0.35757792905768543,0.3445736755784554
62,gender;age,(freq(gender) * age),0.6386856629444231,0.03745743473325766,0.35757792905768543,0.3445736755784554
63,gender;age,(freq(gender) * age),0.6386856629444231,0.03745743473325766,0.35757792905768543,0.3445736755784554
64,gender;age,(freq(gender) * age),0.6386856629444231,0.03745743473325766,0.35757792905768543,0.3445736755784554
65,gender;age,(freq(gender) * age),0.6386856629444231,0.03745743473325766,0.35757792905768543,0.3445736755784554
66,subscription_type;age,(freq(subscription_type) * age),0.6416347381864623,0.02868617326448652,0.3551064597618188,0.34180912373758926
67,gender;age,(freq(gender) * age),0.6386856629444231,0.03745743473325766,0.35757792905768543,0.3445736755784554
68,age;short_tenure_high_interval;payment_freq_alignment,((age + short_tenure_high_interval) + payment_freq_alignment),0.6421293937850229,0.0,0.3565125308859866,0.33288064155700314
69,gender;age,(freq(gender) * age),0.6386856629444231,0.03745743473325766,0.35757792905768543,0.3445736755784554
70,gender;age,(freq(gender) / age),0.6386856629444231,0.03745743473325766,0.35757792905768543,0.3445736755784554
71,gender;age,(freq(gender) * age),0.6386856629444231,0.03745743473325766,0.35757792905768543,0.3445736755784554
72,gender;age,(freq(gender) * age),0.6386856629444231,0.03745743473325766,0.35757792905768543,0.3445736755784554
73,gender;age,(freq(gender) * age),0.6386856629444231,0.03745743473325766,0.35757792905768543,0.3445736755784554
74,gender;age,(freq(gender) * age),0.6386856629444231,0.03745743473325766,0.35757792905768543,0.3445736755784554
75,gender;age,(freq(gender) - age),0.6386856629444231,0.03745743473325766,0.35757792905768543,0.3445736755784554
76,gender;age,(freq(gender) * age),0.6386856629444231,0.03745743473325766,0.35757792905768543,0.3445736755784554
77,subscription_type;age,(freq(subscription_type) * age),0.6416347381864623,0.02868617326448652,0.3551064597618188,0.34180912373758926
78,gender;age,(freq(gender) * age),0.6386856629444231,0.03745743473325766,0.35757792905768543,0.3445736755784554
79,age;older_low_contract,sqrt(age),0.6445401570813276,0.0,0.35757792905768543,0.3340393620463377
80,gender;age,(freq(gender) * age),0.6386856629444231,0.03745743473325766,0.35757792905768543,0.3445736755784554
81,gender;age,(freq(gender) * age),0.6386856629444231,0.03745743473325766,0.35757792905768543,0.3445736755784554
82,gender;age,(freq(gender) * age),0.6386856629444231,0.03745743473325766,0.35757792905768543,0.3445736755784554
83,gender;age,(freq(gender) * age),0.6386856629444231,0.03745743473325766,0.35757792905768543,0.3445736755784554
84,gender;age,(freq(gender) * age),0.6386856629444231,0.03745743473325766,0.35757792905768543,0.3445736755784554
85,gender;age,(freq(gender) * age),0.6386856629444231,0.03745743473325766,0.35757792905768543,0.3445736755784554
86,gender;age,(freq(gender) * age),0.6386856629444231,0.03745743473325766,0.35757792905768543,0.3445736755784554
87,gender;age,(freq(gender) + age),0.6386856629444231,0.03745743473325766,0.35757792905768543,0.3445736755784554
88,subscription_type;age,(freq(subscription_type) - age),0.6416347381864623,0.02868617326448652,0.3551064597618188,0.34180912373758926
89,gender;age,(freq(gender) * age),0.6386856629444231,0.03745743473325766,0.35757792905768543,0.3445736755784554
90,gender;age,(freq(gender) * age),0.6386856629444231,0.03745743473325766,0.35757792905768543,0.3445736755784554
91,gender;age,(freq(gender) * age),0.6386856629444231,0.03745743473325766,0.35757792905768543,0.3445736755784554
92,gender;age,(freq(gender) * age),0.6386856629444231,0.03745743473325766,0.35757792905768543,0.3445736755784554
93,gender;age,(freq(gender) * age),0.6386856629444231,0.03745743473325766,0.35757792905768543,0.3445736755784554
94,gender;age,(freq(gender) / age),0.6386856629444231,0.03745743473325766,0.35757792905768543,0.3445736755784554
95,age;is_long_contract;new_inactive;gender_age_group,((log(age) * new_inactive) + gender_age_group),0.6321697160175104,0.004730928444707274,0.03784403669724771,0.22491489371982176
96,gender;age,(freq(gender) * age),0.6386856629444231,0.03745743473325766,0.35757792905768543,0.3445736755784554
97,gender;age,(freq(gender) * age),0.6386856629444231,0.03745743473325766,0.35757792905768543,0.3445736755784554
98,gender;age,(freq(gender) * age),0.6386856629444231,0.03745743473325766,0.35757792905768543,0.3445736755784554
99,gender;age,(freq(gender) * age),0.6386856629444231,0.03745743473325766,0.35757792905768543,0.3445736755784554
100,gender;age,(freq(gender) * age),0.6386856629444231,0.03745743473325766,0.35757792905768543,0.3445736755784554
101,gender;age,(freq(gender) * age),0.6386856629444231,0.03745743473325766,0.35757792905768543,0.3445736755784554
102,gender;age,(freq(gender) * age),0.6386856629444231,0.03745743473325766,0.35757792905768543,0.3445736755784554
103,gender;age,(freq(gender) * age),0.6386856629444231,0.03745743473325766,0.35757792905768543,0.3445736755784554
104,gender;age,(freq(gender) * age),0.6386856629444231,0.03745743473325766,0.35757792905768543,0.3445736755784554
105,gender;age,(freq(gender) + age),0.6386856629444231,0.03745743473325766,0.35757792905768543,0.3445736755784554
106,subscription_type;age,(freq(subscription_type) * age),0.6416347381864623,0.02868617326448652,0.3551064597618188,0.34180912373758926
107,gender;age,(freq(gender) - age),0.6386856629444231,0.03745743473325766,0.35757792905768543,0.3445736755784554
108,age;new_inactive;contract_ratio,sqrt((age / new_inactive)),0.6332365423274514,0.0035440047253396337,0.022392457277548614,0.21972433477677988
109,gender;age,(freq(gender) * age),0.6386856629444231,0.03745743473325766,0.35757792905768543,0.3445736755784554
110,gender;age,(freq(gender) / age),0.6386856629444231,0.03745743473325766,0.35757792905768543,0.3445736755784554
111,gender;age,(freq(gender) * age),0.6386856629444231,0.03745743473325766,0.35757792905768543,0.3445736755784554
112,gender;age,(freq(gender) * age),0.6386856629444231,0.03745743473325766,0.35757792905768543,0.3445736755784554
113,gender;age,(freq(gender) * age),0.6386856629444231,0.03745743473325766,0.35757792905768543,0.3445736755784554
114,gender;age,(freq(gender) * age),0.6386856629444231,0.03745743473325766,0.35757792905768543,0.3445736755784554
115,gender;age,(freq(gender) * age),0.6386856629444231,0.03745743473325766,0.35757792905768543,0.3445736755784554
116,gender;age,(freq(gender) * age),0.6386856629444231,0.03745743473325766,0.35757792905768543,0.3445736755784554
117,gender;age,(freq(gender) * age),0.6386856629444231,0.03745743473325766,0.35757792905768543,0.3445736755784554
118,gender;age,(freq(gender) * age),0.6386856629444231,0.03745743473325766,0.35757792905768543,0.3445736755784554
119,gender;age,(freq(gender) * age),0.6386856629444231,0.03745743473325766,0.35757792905768543,0.3445736755784554
120,subscription_type;age,(freq(subscription_type) * age),0.6416347381864623,0.02868617326448652,0.3551064597618188,0.34180912373758926
121,gender;age,(freq(gender) * age),0.6386856629444231,0.03745743473325766,0.35757792905768543,0.3445736755784554
122,gender;age,(freq(gender) * age),0.6386856629444231,0.03745743473325766,0.35757792905768543,0.3445736755784554
123,gender;age,(freq(gender) * age),0.6386856629444231,0.03745743473325766,0.35757792905768543,0.3445736755784554
124,gender;age,(freq(gender) * age),0.6386856629444231,0.03745743473325766,0.35757792905768543,0.3445736755784554
125,gender;age,(freq(gender) * age),0.6386856629444231,0.03745743473325766,0.35757792905768543,0.3445736755784554
126,gender;age,(freq(gender) * age),0.6386856629444231,0.03745743473325766,0.35757792905768543,0.3445736755784554
127,age;subscription_code,(age - subscription_code),0.6442885771543087,0.0,0.33765272121436507,0.32731376612289126
128,gender;age,(freq(gender) + age),0.6386856629444231,0.03745743473325766,0.35757792905768543,0.3445736755784554
129,gender;age,(freq(gender) - age),0.6386856629444231,0.03745743473325766,0.35757792905768543,0.3445736755784554
130,gender;age,(freq(gender) * age),0.6386856629444231,0.03745743473325766,0.35757792905768543,0.3445736755784554
131,gender;age,(freq(gender) * age),0.6386856629444231,0.03745743473325766,0.35757792905768543,0.3445736755784554
132,gender;age,(freq(gender) * age),0.6386856629444231,0.03745743473325766,0.35757792905768543,0.3445736755784554
133,gender;age,(freq(gender) * age),0.6386856629444231,0.03745743473325766,0.35757792905768543,0.3445736755784554
134,gender;age,(freq(gender) * age),0.6386856629444231,0.03745743473325766,0.35757792905768543,0.3445736755784554
135,gender;age,(freq(gender) * age),0.6386856629444231,0.03745743473325766,0.35757792905768543,0.3445736755784554
136,gender;age,(freq(gender) * age),0.6386856629444231,0.03745743473325766,0.35757792905768543,0.3445736755784554
137,gender;age,(freq(gender) / age),0.6386856629444231,0.03745743473325766,0.35757792905768543,0.3445736755784554
138,gender;age,(freq(gender) * age),0.6386856629444231,0.03745743473325766,0.35757792905768543,0.3445736755784554
139,subscription_type;age,(freq(subscription_type) * age),0.6416347381864623,0.02868617326448652,0.3551064597618188,0.34180912373758926
140,gender;age,(freq(gender) * age),0.6386856629444231,0.03745743473325766,0.35757792905768543,0.3445736755784554
141,gender;age,(freq(gender) * age),0.6386856629444231,0.03745743473325766,0.35757792905768543,0.3445736755784554
142,gender;age,(freq(gender) * age),0.6386856629444231,0.03745743473325766,0.35757792905768543,0.3445736755784554
143,gender;age,(freq(gender) * age),0.6386856629444231,0.03745743473325766,0.35757792905768543,0.3445736755784554
144,gender;age,(freq(gender) * age),0.6386856629444231,0.03745743473325766,0.35757792905768543,0.3445736755784554
145,gender;age,(freq(gender) * age),0.6386856629444231,0.03745743473325766,0.35757792905768543,0.3445736755784554
146,gender;age,(freq(gender) * age),0.6386856629444231,0.03745743473325766,0.35757792905768543,0.3445736755784554
147,age;new_inactive;vip_inactive;vip_low_interaction,(log((age)^2) * vip_low_interaction),0.6338251986379114,0.03211009174311927,0.0670391061452514,0.24432479884209404
148,gender;age,(freq(gender) * age),0.6386856629444231,0.03745743473325766,0.35757792905768543,0.3445736755784554
149,gender;age,(freq(gender) * age),0.6386856629444231,0.03745743473325766,0.35757792905768543,0.3445736755784554
150,gender;age,(freq(gender) * age),0.6386856629444231,0.03745743473325766,0.35757792905768543,0.3445736755784554
151,gender;age,(freq(gender) * age),0.6386856629444231,0.03745743473325766,0.35757792905768543,0.3445736755784554
152,gender;age,(freq(gender) * age),0.6386856629444231,0.03745743473325766,0.35757792905768543,0.3445736755784554
153,gender;age,(freq(gender) * age),0.6386856629444231,0.03745743473325766,0.35757792905768543,0.3445736755784554
154,gender;age,(freq(gender) * age),0.6386856629444231,0.03745743473325766,0.35757792905768543,0.3445736755784554
155,gender;age,(freq(gender) - age),0.6386856629444231,0.03745743473325766,0.35757792905768543,0.3445736755784554
156,gender;age,(freq(gender) + age),0.6386856629444231,0.03745743473325766,0.35757792905768543,0.3445736755784554
157,gender;age,(freq(gender) * age),0.6386856629444231,0.03745743473325766,0.35757792905768543,0.3445736755784554
158,gender;age,(freq(gender) * age),0.6386856629444231,0.03745743473325766,0.35757792905768543,0.3445736755784554
159,gender;age,(freq(gender) * age),0.6386856629444231,0.03745743473325766,0.35757792905768543,0.3445736755784554
160,subscription_type;age,(freq(subscription_type) / age),0.6416347381864623,0.02868617326448652,0.3551064597618188,0.34180912373758926
161,gender;age,(freq(gender) * age),0.6386856629444231,0.03745743473325766,0.35757792905768543,0.3445736755784554
162,gender;age,(freq(gender) * age),0.6386856629444231,0.03745743473325766,0.35757792905768543,0.3445736755784554
163,gender;age,(freq(gender) * age),0.6386856629444231,0.03745743473325766,0.35757792905768543,0.3445736755784554
164,gender;age,(freq(gender) * age),0.6386856629444231,0.03745743473325766,0.35757792905768543,0.3445736755784554
165,gender;age,(freq(gender) * age),0.6386856629444231,0.03745743473325766,0.35757792905768543,0.3445736755784554
166,gender;age,(freq(gender) * age),0.6386856629444231,0.03745743473325766,0.35757792905768543,0.3445736755784554
167,gender;age,(freq(gender) * age),0.6386856629444231,0.03745743473325766,0.35757792905768543,0.3445736755784554
168,gender;age,(freq(gender) * age),0.6386856629444231,0.03745743473325766,0.35757792905768543,0.3445736755784554
169,age,age,0.6445401570813276,0.0,0.35757792905768543,0.3340393620463377
170,gender;age,(freq(gender) * age),0.6386856629444231,0.03745743473325766,0.35757792905768543,0.3445736755784554
171,gender;age,(freq(gender) * age),0.6386856629444231,0.03745743473325766,0.35757792905768543,0.3445736755784554
172,gender;age,(freq(gender) * age),0.6386856629444231,0.03745743473325766,0.35757792905768543,0.3445736755784554
173,gender;age,(freq(gender) * age),0.6386856629444231,0.03745743473325766,0.35757792905768543,0.3445736755784554
174,gender;age,(freq(gender) * age),0.6386856629444231,0.03745743473325766,0.35757792905768543,0.3445736755784554
175,gender;age,(freq(gender) * age),0.6386856629444231,0.03745743473325766,0.35757792905768543,0.3445736755784554
176,gender;age,(freq(gender) * age),0.6386856629444231,0.03745743473325766,0.35757792905768543,0.3445736755784554
177,gender;age,(freq(gender) * age),0.6386856629444231,0.03745743473325766,0.35757792905768543,0.3445736755784554
178,gender;age,(freq(gender) * age),0.6386856629444231,0.03745743473325766,0.35757792905768543,0.3445736755784554
179,gender;age,(freq(gender) * age),0.6386856629444231,0.03745743473325766,0.35757792905768543,0.3445736755784554
180,gender;age,(freq(gender) * age),0.6386856629444231,0.03745743473325766,0.35757792905768543,0.3445736755784554
181,gender;age,(freq(gender) * age),0.6386856629444231,0.03745743473325766,0.35757792905768543,0.3445736755784554
182,gender;age,(freq(gender) * age),0.6386856629444231,0.03745743473325766,0.35757792905768543,0.3445736755784554
183,gender;age,(freq(gender) * age),0.6386856629444231,0.03745743473325766,0.35757792905768543,0.3445736755784554
184,gender;age,(freq(gender) * age),0.6386856629444231,0.03745743473325766,0.35757792905768543,0.3445736755784554
185,gender;age,(freq(gender) - age),0.6386856629444231,0.03745743473325766,0.35757792905768543,0.3445736755784554
186,gender;age,(freq(gender) * age),0.6386856629444231,0.03745743473325766,0.35757792905768543,0.3445736755784554
187,subscription_type;age,(freq(subscription_type) * age),0.6416347381864623,0.02868617326448652,0.3551064597618188,0.34180912373758926
188,gender;age,(freq(gender) + age),0.6386856629444231,0.03745743473325766,0.35757792905768543,0.3445736755784554
189,gender;age,(freq(gender) / age),0.6386856629444231,0.03745743473325766,0.35757792905768543,0.3445736755784554
190,gender;age,(freq(gender) * age),0.6386856629444231,0.03745743473325766,0.35757792905768543,0.3445736755784554
191,gender;age,(freq(gender) * age),0.6386856629444231,0.03745743473325766,0.35757792905768543,0.3445736755784554
192,gender;age,(freq(gender) * age),0.6386856629444231,0.03745743473325766,0.35757792905768543,0.3445736755784554
193,gender;age,(freq(gender) * age),0.6386856629444231,0.03745743473325766,0.35757792905768543,0.3445736755784554
194,gender;age,(freq(gender) * age),0.6386856629444231,0.03745743473325766,0.35757792905768543,0.3445736755784554
195,gender;age,(freq(gender) * age),0.6386856629444231,0.03745743473325766,0.35757792905768543,0.3445736755784554
196,gender;age,(freq(gender) * age),0.6386856629444231,0.03745743473325766,0.35757792905768543,0.3445736755784554
197,gender;age,(freq(gender) * age),0.6386856629444231,0.03745743473325766,0.35757792905768543,0.3445736755784554
198,age;gender_age_group,(age * gender_age_group),0.6348496147153865,0.03745743473325766,0.30441640378548895,0.3255744844113777
199,gender;age,(freq(gender) * age),0.6386856629444231,0.03745743473325766,0.35757792905768543,0.3445736755784554
200,gender;age,(freq(gender) * age),0.6386856629444231,0.03745743473325766,0.35757792905768543,0.3445736755784554
201,gender;age,(freq(gender) * age),0.6386856629444231,0.03745743473325766,0.35757792905768543,0.3445736755784554
202,gender;age,(freq(gender) * age),0.6386856629444231,0.03745743473325766,0.35757792905768543,0.3445736755784554
203,gender;age,(freq(gender) * age),0.6386856629444231,0.03745743473325766,0.35757792905768543,0.3445736755784554
204,gender;age,(freq(gender) * age),0.6386856629444231,0.03745743473325766,0.35757792905768543,0.3445736755784554
205,gender;age,(freq(gender) * age),0.6386856629444231,0.03745743473325766,0.35757792905768543,0.3445736755784554
206,gender;age,(freq(gender) * age),0.6386856629444231,0.03745743473325766,0.35757792905768543,0.3445736755784554
207,gender;age,(freq(gender) * age),0.6386856629444231,0.03745743473325766,0.35757792905768543,0.3445736755784554
208,gender;age,(freq(gender) * age),0.6386856629444231,0.03745743473325766,0.35757792905768543,0.3445736755784554
209,gender;age,(freq(gender) * age),0.6386856629444231,0.03745743473325766,0.35757792905768543,0.3445736755784554
210,gender;age,(freq(gender) * age),0.6386856629444231,0.03745743473325766,0.35757792905768543,0.3445736755784554
211,gender;age,(freq(gender) * age),0.6386856629444231,0.03745743473325766,0.35757792905768543,0.3445736755784554
212,gender;age,(freq(gender) * age),0.6386856629444231,0.03745743473325766,0.35757792905768543,0.3445736755784554
213,gender;age,(freq(gender) * age),0.6386856629444231,0.03745743473325766,0.35757792905768543,0.3445736755784554
214,gender;age,(freq(gender) * age),0.6386856629444231,0.03745743473325766,0.35757792905768543,0.3445736755784554
215,gender;age,(freq(gender) * age),0.6386856629444231,0.03745743473325766,0.35757792905768543,0.3445736755784554
216,subscription_type;age,(freq(subscription_type) - age),0.6416347381864623,0.02868617326448652,0.3551064597618188,0.34180912373758926
217,gender;age,(freq(gender) * age),0.6386856629444231,0.03745743473325766,0.35757792905768543,0.3445736755784554
218,gender;age,(freq(gender) * age),0.6386856629444231,0.03745743473325766,0.35757792905768543,0.3445736755784554
219,gender;age,(freq(gender) + age),0.6386856629444231,0.03745743473325766,0.35757792905768543,0.3445736755784554
220,gender;age,(freq(gender) * age),0.6386856629444231,0.03745743473325766,0.35757792905768543,0.3445736755784554
221,gender;age,(freq(gender) * age),0.6386856629444231,0.03745743473325766,0.35757792905768543,0.3445736755784554
222,gender;age,(freq(gender) * age),0.6386856629444231,0.03745743473325766,0.35757792905768543,0.3445736755784554
223,gender;age,(freq(gender) * age),0.6386856629444231,0.03745743473325766,0.35757792905768543,0.3445736755784554
224,gender;age,(freq(gender) * age),0.6386856629444231,0.03745743473325766,0.35757792905768543,0.3445736755784554
225,gender;age,(freq(gender) / age),0.6386856629444231,0.03745743473325766,0.35757792905768543,0.3445736755784554
226,gender;age,(freq(gender) * age),0.6386856629444231,0.03745743473325766,0.35757792905768543,0.3445736755784554
227,age;is_long_contract;tenure,((age / is_long_contract) * tenure),0.6349551508562109,0.06819392647842301,0.3930524284335799,0.36540050192273793
228,gender;age,(freq(gender) * age),0.6386856629444231,0.03745743473325766,0.35757792905768543,0.3445736755784554
229,gender;age,(freq(gender) * age),0.6386856629444231,0.03745743473325766,0.35757792905768543,0.3445736755784554
230,gender;age,(freq(gender) * age),0.6386856629444231,0.03745743473325766,0.35757792905768543,0.3445736755784554
231,gender;age,(freq(gender) * age),0.6386856629444231,0.03745743473325766,0.35757792905768543,0.3445736755784554
232,gender;age,(freq(gender) * age),0.6386856629444231,0.03745743473325766,0.35757792905768543,0.3445736755784554
233,gender;age,(freq(gender) * age),0.6386856629444231,0.03745743473325766,0.35757792905768543,0.3445736755784554
234,gender;age,(freq(gender) * age),0.6386856629444231,0.03745743473325766,0.35757792905768543,0.3445736755784554
235,gender;age,(freq(gender) * age),0.6386856629444231,0.03745743473325766,0.35757792905768543,0.3445736755784554
236,gender;age,(freq(gender) * age),0.6386856629444231,0.03745743473325766,0.35757792905768543,0.3445736755784554
237,gender;age,(freq(gender) * age),0.6386856629444231,0.03745743473325766,0.35757792905768543,0.3445736755784554
238,gender;age,(freq(gender) * age),0.6386856629444231,0.03745743473325766,0.35757792905768543,0.3445736755784554
239,gender;age,(freq(gender) * age),0.6386856629444231,0.03745743473325766,0.35757792905768543,0.3445736755784554
240,gender;age,(freq(gender) * age),0.6386856629444231,0.03745743473325766,0.35757792905768543,0.3445736755784554
241,gender;age,(freq(gender) * age),0.6386856629444231,0.03745743473325766,0.35757792905768543,0.3445736755784554
242,gender;age,(freq(gender) * age),0.6386856629444231,0.03745743473325766,0.35757792905768543,0.3445736755784554
243,gender;age,(freq(gender) * age),0.6386856629444231,0.03745743473325766,0.35757792905768543,0.3445736755784554
244,gender;age,(freq(gender) * age),0.6386856629444231,0.03745743473325766,0.35757792905768543,0.3445736755784554
245,gender;age,(freq(gender) * age),0.6386856629444231,0.03745743473325766,0.35757792905768543,0.3445736755784554
246,gender;age,(freq(gender) * age),0.6386856629444231,0.03745743473325766,0.35757792905768543,0.3445736755784554
247,subscription_type;age,(freq(subscription_type) * age),0.6416347381864623,0.02868617326448652,0.3551064597618188,0.34180912373758926
248,gender;age,(freq(gender) * age),0.6386856629444231,0.03745743473325766,0.35757792905768543,0.3445736755784554
249,gender;age,(freq(gender) * age),0.6386856629444231,0.03745743473325766,0.35757792905768543,0.3445736755784554
250,gender;age,(freq(gender) * age),0.6386856629444231,0.03745743473325766,0.35757792905768543,0.3445736755784554
251,gender;age,(freq(gender) - age),0.6386856629444231,0.03745743473325766,0.35757792905768543,0.3445736755784554
252,gender;age,(freq(gender) * age),0.6386856629444231,0.03745743473325766,0.35757792905768543,0.3445736755784554
253,gender;age,(freq(gender) * age),0.6386856629444231,0.03745743473325766,0.35757792905768543,0.3445736755784554
254,age,age,0.6445401570813276,0.0,0.35757792905768543,0.3340393620463377
255,gender;age,(freq(gender) * age),0.6386856629444231,0.03745743473325766,0.35757792905768543,0.3445736755784554
256,gender;age,(freq(gender) * age),0.6386856629444231,0.03745743473325766,0.35757792905768543,0.3445736755784554
257,gender;age,(freq(gender) + age),0.6386856629444231,0.03745743473325766,0.35757792905768543,0.3445736755784554
258,gender;age,(freq(gender) * age),0.6386856629444231,0.03745743473325766,0.35757792905768543,0.3445736755784554
259,gender;age,(freq(gender) / age),0.6386856629444231,0.03745743473325766,0.35757792905768543,0.3445736755784554
260,gender;age,(freq(gender) * age),0.6386856629444231,0.03745743473325766,0.35757792905768543,0.3445736755784554
261,gender;age,(freq(gender) * age),0.6386856629444231,0.03745743473325766,0.35757792905768543,0.3445736755784554
262,gender;age,(freq(gender) * age),0.6386856629444231,0.03745743473325766,0.35757792905768543,0.3445736755784554
263,gender;age,(freq(gender) * age),0.6386856629444231,0.03745743473325766,0.35757792905768543,0.3445736755784554
264,gender;age,(freq(gender) * age),0.6386856629444231,0.03745743473325766,0.35757792905768543,0.3445736755784554
265,gender;age,(freq(gender) * age),0.6386856629444231,0.03745743473325766,0.35757792905768543,0.3445736755784554
266,subscription_type;age,(freq(subscription_type) * age),0.6416347381864623,0.02868617326448652,0.3551064597618188,0.34180912373758926
267,gender;age,(freq(gender) * age),0.6386856629444231,0.03745743473325766,0.35757792905768543,0.3445736755784554
268,gender;age,(freq(gender) * age),0.6386856629444231,0.03745743473325766,0.35757792905768543,0.3445736755784554
269,gender;age,(freq(gender) * age),0.6386856629444231,0.03745743473325766,0.35757792905768543,0.3445736755784554
270,gender;age,(freq(gender) * age),0.6386856629444231,0.03745743473325766,0.35757792905768543,0.3445736755784554
271,gender;age,(freq(gender) * age),0.6386856629444231,0.03745743473325766,0.35757792905768543,0.3445736755784554
272,gender;age,(freq(gender) * age),0.6386856629444231,0.03745743473325766,0.35757792905768543,0.3445736755784554
273,older_low_contract;age;contract_ratio;is_low_frequency,((sqrt(older_low_contract))^2 - is_low_frequency),0.6357444809769845,0.0,0.20470262793914246,0.28014903630537563
274,gender;age,(freq(gender) * age),0.6386856629444231,0.03745743473325766,0.35757792905768543,0.3445736755784554
275,gender;age,(freq(gender) * age),0.6386856629444231,0.03745743473325766,0.35757792905768543,0.3445736755784554
276,gender;age,(freq(gender) * age),0.6386856629444231,0.03745743473325766,0.35757792905768543,0.3445736755784554
277,gender;age,(freq(gender) * age),0.6386856629444231,0.03745743473325766,0.35757792905768543,0.3445736755784554
278,gender;age,(freq(gender) * age),0.6386856629444231,0.03745743473325766,0.35757792905768543,0.3445736755784554
279,gender;age,(freq(gender) - age),0.6386856629444231,0.03745743473325766,0.35757792905768543,0.3445736755784554
280,gender;age,(freq(gender) * age),0.6386856629444231,0.03745743473325766,0.35757792905768543,0.3445736755784554
281,gender;age,(freq(gender) + age),0.6386856629444231,0.03745743473325766,0.35757792905768543,0.3445736755784554
282,gender;age,(freq(gender) * age),0.6386856629444231,0.03745743473325766,0.35757792905768543,0.3445736755784554
283,gender;age,(freq(gender) * age),0.6386856629444231,0.03745743473325766,0.35757792905768543,0.3445736755784554
284,gender;age,(freq(gender) / age),0.6386856629444231,0.03745743473325766,0.35757792905768543,0.3445736755784554
285,gender;age,(freq(gender) * age),0.6386856629444231,0.03745743473325766,0.35757792905768543,0.3445736755784554
286,gender;age,(freq(gender) * age),0.6386856629444231,0.03745743473325766,0.35757792905768543,0.3445736755784554
287,subscription_type;age,(freq(subscription_type) * age),0.6416347381864623,0.02868617326448652,0.3551064597618188,0.34180912373758926
288,gender;age,(freq(gender) * age),0.6386856629444231,0.03745743473325766,0.35757792905768543,0.3445736755784554
289,gender;age,(freq(gender) * age),0.6386856629444231,0.03745743473325766,0.35757792905768543,0.3445736755784554
290,gender;age,(freq(gender) * age),0.6386856629444231,0.03745743473325766,0.35757792905768543,0.3445736755784554
291,gender;age,(freq(gender) * age),0.6386856629444231,0.03745743473325766,0.35757792905768543,0.3445736755784554
292,age;older_and_member,(age + older_and_member),0.6438803719527519,0.0,0.34543454345434543,0.32977163846903246
293,gender;age,(freq(gender) * age),0.6386856629444231,0.03745743473325766,0.35757792905768543,0.3445736755784554
294,gender;age,(freq(gender) * age),0.6386856629444231,0.03745743473325766,0.35757792905768543,0.3445736755784554
295,gender;age,(freq(gender) * age),0.6386856629444231,0.03745743473325766,0.35757792905768543,0.3445736755784554
296,gender;age,(freq(gender) * age),0.6386856629444231,0.03745743473325766,0.35757792905768543,0.3445736755784554
297,gender;age,(freq(gender) * age),0.6386856629444231,0.03745743473325766,0.35757792905768543,0.3445736755784554
298,gender;age,(freq(gender) * age),0.6386856629444231,0.03745743473325766,0.35757792905768543,0.3445736755784554
299,gender;age,(freq(gender) * age),0.6386856629444231,0.03745743473325766,0.35757792905768543,0.3445736755784554
300,gender;age,(freq(gender) * age),0.6386856629444231,0.03745743473325766,0.35757792905768543,0.3445736755784554
301,gender;age,(freq(gender) * age),0.6386856629444231,0.03745743473325766,0.35757792905768543,0.3445736755784554
302,gender;age,(freq(gender) * age),0.6386856629444231,0.03745743473325766,0.35757792905768543,0.3445736755784554
303,gender;age,(freq(gender) * age),0.6386856629444231,0.03745743473325766,0.35757792905768543,0.3445736755784554
304,gender;age,(freq(gender) * age),0.6386856629444231,0.03745743473325766,0.35757792905768543,0.3445736755784554
305,gender;age,(freq(gender) - age),0.6386856629444231,0.03745743473325766,0.35757792905768543,0.3445736755784554
306,gender;age,(freq(gender) * age),0.6386856629444231,0.03745743473325766,0.35757792905768543,0.3445736755784554
307,gender;age,(freq(gender) * age),0.6386856629444231,0.03745743473325766,0.35757792905768543,0.3445736755784554
308,subscription_type;age,(freq(subscription_type) + age),0.6416347381864623,0.02868617326448652,0.3551064597618188,0.34180912373758926
309,gender;age,(freq(gender) * age),0.6386856629444231,0.03745743473325766,0.35757792905768543,0.3445736755784554
310,gender;age,(freq(gender) * age),0.6386856629444231,0.03745743473325766,0.35757792905768543,0.3445736755784554
311,gender;age,(freq(gender) * age),0.6386856629444231,0.03745743473325766,0.35757792905768543,0.3445736755784554
312,age;is_high_payment_interval;new_inactive,((age - is_high_payment_interval) / new_inactive),0.6338468408126814,0.0,0.04065040650406504,0.2248324157722488
313,gender;age,(freq(gender) * age),0.6386856629444231,0.03745743473325766,0.35757792905768543,0.3445736755784554
314,gender;age,(freq(gender) * age),0.6386856629444231,0.03745743473325766,0.35757792905768543,0.3445736755784554
315,gender;age,(freq(gender) / age),0.6386856629444231,0.03745743473325766,0.35757792905768543,0.3445736755784554
316,gender;age,(freq(gender) * age),0.6386856629444231,0.03745743473325766,0.35757792905768543,0.3445736755784554
317,gender;age,(freq(gender) * age),0.6386856629444231,0.03745743473325766,0.35757792905768543,0.3445736755784554
318,gender;age,(freq(gender) * age),0.6386856629444231,0.03745743473325766,0.35757792905768543,0.3445736755784554
319,gender;age,(freq(gender) * age),0.6386856629444231,0.03745743473325766,0.35757792905768543,0.3445736755784554
320,gender;age,(freq(gender) * age),0.6386856629444231,0.03745743473325766,0.35757792905768543,0.3445736755784554
321,gender;age,(freq(gender) * age),0.6386856629444231,0.03745743473325766,0.35757792905768543,0.3445736755784554
322,gender;age,(freq(gender) * age),0.6386856629444231,0.03745743473325766,0.35757792905768543,0.3445736755784554
323,gender;age,(freq(gender) * age),0.6386856629444231,0.03745743473325766,0.35757792905768543,0.3445736755784554
324,gender;age,(freq(gender) * age),0.6386856629444231,0.03745743473325766,0.35757792905768543,0.3445736755784554
325,gender;age,(freq(gender) * age),0.6386856629444231,0.03745743473325766,0.35757792905768543,0.3445736755784554
326,gender;age,(freq(gender) * age),0.6386856629444231,0.03745743473325766,0.35757792905768543,0.3445736755784554
327,gender;age,(freq(gender) * age),0.6386856629444231,0.03745743473325766,0.35757792905768543,0.3445736755784554
328,subscription_type;age,(freq(subscription_type) * age),0.6416347381864623,0.02868617326448652,0.3551064597618188,0.34180912373758926
329,gender;age,(freq(gender) * age),0.6386856629444231,0.03745743473325766,0.35757792905768543,0.3445736755784554
330,gender;age,(freq(gender) - age),0.6386856629444231,0.03745743473325766,0.35757792905768543,0.3445736755784554
331,age,age,0.6445401570813276,0.0,0.35757792905768543,0.3340393620463377
332,gender;age,(freq(gender) * age),0.6386856629444231,0.03745743473325766,0.35757792905768543,0.3445736755784554
333,gender;age,(freq(gender) * age),0.6386856629444231,0.03745743473325766,0.35757792905768543,0.3445736755784554
334,gender;age,(freq(gender) + age),0.6386856629444231,0.03745743473325766,0.35757792905768543,0.3445736755784554
335,gender;age,(freq(gender) * age),0.6386856629444231,0.03745743473325766,0.35757792905768543,0.3445736755784554
336,gender;age,(freq(gender) / age),0.6386856629444231,0.03745743473325766,0.35757792905768543,0.3445736755784554
337,gender;age,(freq(gender) * age),0.6386856629444231,0.03745743473325766,0.35757792905768543,0.3445736755784554
338,gender;age,(freq(gender) * age),0.6386856629444231,0.03745743473325766,0.35757792905768543,0.3445736755784554
339,gender;age,(freq(gender) * age),0.6386856629444231,0.03745743473325766,0.35757792905768543,0.3445736755784554
340,gender;age,(freq(gender) * age),0.6386856629444231,0.03745743473325766,0.35757792905768543,0.3445736755784554
341,gender;age,(freq(gender) * age),0.6386856629444231,0.03745743473325766,0.35757792905768543,0.3445736755784554
342,gender;age,(freq(gender) * age),0.6386856629444231,0.03745743473325766,0.35757792905768543,0.3445736755784554
343,gender;age,(freq(gender) * age),0.6386856629444231,0.03745743473325766,0.35757792905768543,0.3445736755784554
344,gender;age,(freq(gender) * age),0.6386856629444231,0.03745743473325766,0.35757792905768543,0.3445736755784554
345,gender;age,(freq(gender) * age),0.6386856629444231,0.03745743473325766,0.35757792905768543,0.3445736755784554
346,gender;age,(freq(gender) * age),0.6386856629444231,0.03745743473325766,0.35757792905768543,0.3445736755784554
347,gender;age,(freq(gender) * age),0.6386856629444231,0.03745743473325766,0.35757792905768543,0.3445736755784554
348,subscription_type;age,(freq(subscription_type) * age),0.6416347381864623,0.02868617326448652,0.3551064597618188,0.34180912373758926
349,gender;age,(freq(gender) * age),0.6386856629444231,0.03745743473325766,0.35757792905768543,0.3445736755784554
350,age;is_high_interaction;short_tenure_high_interval;renewal_pressure,sqrt((log(age) + short_tenure_high_interval)),0.6437712196395926,0.02088167053364269,0.3801485482781904,0.3482671461504752
351,gender;age,(freq(gender) * age),0.6386856629444231,0.03745743473325766,0.35757792905768543,0.3445736755784554
352,gender;age,(freq(gender) * age),0.6386856629444231,0.03745743473325766,0.35757792905768543,0.3445736755784554
353,gender;age,(freq(gender) * age),0.6386856629444231,0.03745743473325766,0.35757792905768543,0.3445736755784554
354,gender;age,(freq(gender) * age),0.6386856629444231,0.03745743473325766,0.35757792905768543,0.3445736755784554
355,gender;age,(freq(gender) * age),0.6386856629444231,0.03745743473325766,0.35757792905768543,0.3445736755784554
356,gender;age,(freq(gender) - age),0.6386856629444231,0.03745743473325766,0.35757792905768543,0.3445736755784554
357,gender;age,(freq(gender) * age),0.6386856629444231,0.03745743473325766,0.35757792905768543,0.3445736755784554
358,gender;age,(freq(gender) * age),0.6386856629444231,0.03745743473325766,0.35757792905768543,0.3445736755784554
359,gender;age,(freq(gender) + age),0.6386856629444231,0.03745743473325766,0.35757792905768543,0.3445736755784554
360,gender;age,(freq(gender) * age),0.6386856629444231,0.03745743473325766,0.35757792905768543,0.3445736755784554
361,gender;age,(freq(gender) * age),0.6386856629444231,0.03745743473325766,0.35757792905768543,0.3445736755784554
362,gender;age,(freq(gender) * age),0.6386856629444231,0.03745743473325766,0.35757792905768543,0.3445736755784554
363,gender;age,(freq(gender) * age),0.6386856629444231,0.03745743473325766,0.35757792905768543,0.3445736755784554
364,gender;age,(freq(gender) / age),0.6386856629444231,0.03745743473325766,0.35757792905768543,0.3445736755784554
365,gender;age,(freq(gender) * age),0.6386856629444231,0.03745743473325766,0.35757792905768543,0.3445736755784554
366,gender;age,(freq(gender) * age),0.6386856629444231,0.03745743473325766,0.35757792905768543,0.3445736755784554
367,gender;age,(freq(gender) * age),0.6386856629444231,0.03745743473325766,0.35757792905768543,0.3445736755784554
368,gender;age,(freq(gender) * age),0.6386856629444231,0.03745743473325766,0.35757792905768543,0.3445736755784554
369,age,age,0.6445401570813276,0.0,0.35757792905768543,0.3340393620463377
370,gender;age,(freq(gender) * age),0.6386856629444231,0.03745743473325766,0.35757792905768543,0.3445736755784554
371,subscription_type;age,(freq(subscription_type) * age),0.6416347381864623,0.02868617326448652,0.3551064597618188,0.34180912373758926
372,gender;age,(freq(gender) * age),0.6386856629444231,0.03745743473325766,0.35757792905768543,0.3445736755784554
373,gender;age,(freq(gender) * age),0.6386856629444231,0.03745743473325766,0.35757792905768543,0.3445736755784554
374,gender;age,(freq(gender) * age),0.6386856629444231,0.03745743473325766,0.35757792905768543,0.3445736755784554
375,gender;age,(freq(gender) * age),0.6386856629444231,0.03745743473325766,0.35757792905768543,0.3445736755784554
376,gender;age,(freq(gender) * age),0.6386856629444231,0.03745743473325766,0.35757792905768543,0.3445736755784554
377,gender;age,(freq(gender) * age),0.6386856629444231,0.03745743473325766,0.35757792905768543,0.3445736755784554
378,gender;age,(freq(gender) * age),0.6386856629444231,0.03745743473325766,0.35757792905768543,0.3445736755784554
379,gender;age,(freq(gender) * age),0.6386856629444231,0.03745743473325766,0.35757792905768543,0.3445736755784554
380,gender;age,(freq(gender) * age),0.6386856629444231,0.03745743473325766,0.35757792905768543,0.3445736755784554
381,gender;age,(freq(gender) - age),0.6386856629444231,0.03745743473325766,0.35757792905768543,0.3445736755784554
382,gender;age,(freq(gender) * age),0.6386856629444231,0.03745743473325766,0.35757792905768543,0.3445736755784554
383,gender;age,(freq(gender) * age),0.6386856629444231,0.03745743473325766,0.35757792905768543,0.3445736755784554
384,gender;age,(freq(gender) + age),0.6386856629444231,0.03745743473325766,0.35757792905768543,0.3445736755784554
385,gender;age,(freq(gender) * age),0.6386856629444231,0.03745743473325766,0.35757792905768543,0.3445736755784554
386,gender;age,(freq(gender) * age),0.6386856629444231,0.03745743473325766,0.35757792905768543,0.3445736755784554
387,gender;age,(freq(gender) / age),0.6386856629444231,0.03745743473325766,0.35757792905768543,0.3445736755784554
388,age;renewal_pressure;interaction_rate,log((age)^2),0.6445401570813276,0.0,0.35757792905768543,0.3340393620463377
389,subscription_type;age,(freq(subscription_type) * age),0.6416347381864623,0.02868617326448652,0.3551064597618188,0.34180912373758926
390,gender;age,(freq(gender) * age),0.6386856629444231,0.03745743473325766,0.35757792905768543,0.3445736755784554
391,gender;age,(freq(gender) * age),0.6386856629444231,0.03745743473325766,0.35757792905768543,0.3445736755784554
392,gender;age,(freq(gender) * age),0.6386856629444231,0.03745743473325766,0.35757792905768543,0.3445736755784554
393,gender;age,(freq(gender) * age),0.6386856629444231,0.03745743473325766,0.35757792905768543,0.3445736755784554
394,gender;age,(freq(gender) * age),0.6386856629444231,0.03745743473325766,0.35757792905768543,0.3445736755784554
395,gender;age,(freq(gender) * age),0.6386856629444231,0.03745743473325766,0.35757792905768543,0.3445736755784554
396,gender;age,(freq(gender) * age),0.6386856629444231,0.03745743473325766,0.35757792905768543,0.3445736755784554
397,gender;age,(freq(gender) * age),0.6386856629444231,0.03745743473325766,0.35757792905768543,0.3445736755784554
398,gender;age,(freq(gender) * age),0.6386856629444231,0.03745743473325766,0.35757792905768543,0.3445736755784554
399,gender;age,(freq(gender) * age),0.6386856629444231,0.03745743473325766,0.35757792905768543,0.3445736755784554
400,gender;age,(freq(gender) * age),0.6386856629444231,0.03745743473325766,0.35757792905768543,0.3445736755784554
401,gender;age,(freq(gender) * age),0.6386856629444231,0.03745743473325766,0.35757792905768543,0.3445736755784554
402,gender;age,(freq(gender) * age),0.6386856629444231,0.03745743473325766,0.35757792905768543,0.3445736755784554
403,gender;age,(freq(gender) * age),0.6386856629444231,0.03745743473325766,0.35757792905768543,0.3445736755784554
404,gender;age,(freq(gender) * age),0.6386856629444231,0.03745743473325766,0.35757792905768543,0.3445736755784554
405,gender;age,(freq(gender) * age),0.6386856629444231,0.03745743473325766,0.35757792905768543,0.3445736755784554
406,gender;age,(freq(gender) - age),0.6386856629444231,0.03745743473325766,0.35757792905768543,0.3445736755784554
407,age,age,0.6445401570813276,0.0,0.35757792905768543,0.3340393620463377
408,gender;age,(freq(gender) * age),0.6386856629444231,0.03745743473325766,0.35757792905768543,0.3445736755784554
409,gender;age,(freq(gender) * age),0.6386856629444231,0.03745743473325766,0.35757792905768543,0.3445736755784554
410,subscription_type;age,(freq(subscription_type) * age),0.6416347381864623,0.02868617326448652,0.3551064597618188,0.34180912373758926
411,gender;age,(freq(gender) * age),0.6386856629444231,0.03745743473325766,0.35757792905768543,0.3445736755784554
412,gender;age,(freq(gender) * age),0.6386856629444231,0.03745743473325766,0.35757792905768543,0.3445736755784554
413,gender;age,(freq(gender) + age),0.6386856629444231,0.03745743473325766,0.35757792905768543,0.3445736755784554
414,gender;age,(freq(gender) / age),0.6386856629444231,0.03745743473325766,0.35757792905768543,0.3445736755784554
415,gender;age,(freq(gender) * age),0.6386856629444231,0.03745743473325766,0.35757792905768543,0.3445736755784554
416,gender;age,(freq(gender) * age),0.6386856629444231,0.03745743473325766,0.35757792905768543,0.3445736755784554
417,gender;age,(freq(gender) * age),0.6386856629444231,0.03745743473325766,0.35757792905768543,0.3445736755784554
418,gender;age,(freq(gender) * age),0.6386856629444231,0.03745743473325766,0.35757792905768543,0.3445736755784554
419,gender;age,(freq(gender) * age),0.6386856629444231,0.03745743473325766,0.35757792905768543,0.3445736755784554
420,gender;age,(freq(gender) * age),0.6386856629444231,0.03745743473325766,0.35757792905768543,0.3445736755784554
421,gender;age,(freq(gender) * age),0.6386856629444231,0.03745743473325766,0.35757792905768543,0.3445736755784554
422,gender;age,(freq(gender) * age),0.6386856629444231,0.03745743473325766,0.35757792905768543,0.3445736755784554
423,gender;age,(freq(gender) * age),0.6386856629444231,0.03745743473325766,0.35757792905768543,0.3445736755784554
424,gender;age,(freq(gender) * age),0.6386856629444231,0.03745743473325766,0.35757792905768543,0.3445736755784554
425,gender;age,(freq(gender) * age),0.6386856629444231,0.03745743473325766,0.35757792905768543,0.3445736755784554
426,gender;age,(freq(gender) * age),0.6386856629444231,0.03745743473325766,0.35757792905768543,0.3445736755784554
427,age;interaction_per_freq,sqrt(age),0.6445401570813276,0.0,0.35757792905768543,0.3340393620463377
428,gender;age,(freq(gender) * age),0.6386856629444231,0.03745743473325766,0.35757792905768543,0.3445736755784554
429,gender;age,(freq(gender) * age),0.6386856629444231,0.03745743473325766,0.35757792905768543,0.3445736755784554
430,subscription_type;age,(freq(subscription_type) * age),0.6416347381864623,0.02868617326448652,0.3551064597618188,0.34180912373758926
431,gender;age,(freq(gender) * age),0.6386856629444231,0.03745743473325766,0.35757792905768543,0.3445736755784554
432,gender;age,(freq(gender) * age),0.6386856629444231,0.03745743473325766,0.35757792905768543,0.3445736755784554
433,gender;age,(freq(gender) * age),0.6386856629444231,0.03745743473325766,0.35757792905768543,0.3445736755784554
434,gender;age,(freq(gender) - age),0.6386856629444231,0.03745743473325766,0.35757792905768543,0.3445736755784554
435,gender;age,(freq(gender) * age),0.6386856629444231,0.03745743473325766,0.35757792905768543,0.3445736755784554
436,gender;age,(freq(gender) + age),0.6386856629444231,0.03745743473325766,0.35757792905768543,0.3445736755784554
437,gender;age,(freq(gender) * age),0.6386856629444231,0.03745743473325766,0.35757792905768543,0.3445736755784554
438,gender;age,(freq(gender) * age),0.6386856629444231,0.03745743473325766,0.35757792905768543,0.3445736755784554
439,gender;age,(freq(gender) * age),0.6386856629444231,0.03745743473325766,0.35757792905768543,0.3445736755784554
440,gender;age,(freq(gender) / age),0.6386856629444231,0.03745743473325766,0.35757792905768543,0.3445736755784554
441,gender;age,(freq(gender) * age),0.6386856629444231,0.03745743473325766,0.35757792905768543,0.3445736755784554
442,gender;age,(freq(gender) * age),0.6386856629444231,0.03745743473325766,0.35757792905768543,0.3445736755784554
443,gender;age,(freq(gender) * age),0.6386856629444231,0.03745743473325766,0.35757792905768543,0.3445736755784554
444,gender;age,(freq(gender) * age),0.6386856629444231,0.03745743473325766,0.35757792905768543,0.3445736755784554
445,gender;age,(freq(gender) * age),0.6386856629444231,0.03745743473325766,0.35757792905768543,0.3445736755784554
446,age,age,0.6445401570813276,0.0,0.35757792905768543,0.3340393620463377
447,gender;age,(freq(gender) * age),0.6386856629444231,0.03745743473325766,0.35757792905768543,0.3445736755784554
448,gender;age,(freq(gender) * age),0.6386856629444231,0.03745743473325766,0.35757792905768543,0.3445736755784554
449,gender;age,(freq(gender) * age),0.6386856629444231,0.03745743473325766,0.35757792905768543,0.3445736755784554
450,subscription_type;age,(freq(subscription_type) * age),0.6416347381864623,0.02868617326448652,0.3551064597618188,0.34180912373758926
451,gender;age,(freq(gender) * age),0.6386856629444231,0.03745743473325766,0.35757792905768543,0.3445736755784554
452,gender;age,(freq(gender) * age),0.6386856629444231,0.03745743473325766,0.35757792905768543,0.3445736755784554
453,gender;age,(freq(gender) * age),0.6386856629444231,0.03745743473325766,0.35757792905768543,0.3445736755784554
454,gender;age,(freq(gender) * age),0.6386856629444231,0.03745743473325766,0.35757792905768543,0.3445736755784554
455,gender;age,(freq(gender) * age),0.6386856629444231,0.03745743473325766,0.35757792905768543,0.3445736755784554
456,gender;age,(freq(gender) * age),0.6386856629444231,0.03745743473325766,0.35757792905768543,0.3445736755784554
457,gender;age,(freq(gender) * age),0.6386856629444231,0.03745743473325766,0.35757792905768543,0.3445736755784554
458,gender;age,(freq(gender) - age),0.6386856629444231,0.03745743473325766,0.35757792905768543,0.3445736755784554
459,gender;age,(freq(gender) * age),0.6386856629444231,0.03745743473325766,0.35757792905768543,0.3445736755784554
460,gender;age,(freq(gender) * age),0.6386856629444231,0.03745743473325766,0.35757792905768543,0.3445736755784554
461,gender;age,(freq(gender) + age),0.6386856629444231,0.03745743473325766,0.35757792905768543,0.3445736755784554
462,gender;age,(freq(gender) * age),0.6386856629444231,0.03745743473325766,0.35757792905768543,0.3445736755784554
463,gender;age,(freq(gender) * age),0.6386856629444231,0.03745743473325766,0.35757792905768543,0.3445736755784554
464,gender;age,(freq(gender) * age),0.6386856629444231,0.03745743473325766,0.35757792905768543,0.3445736755784554
465,gender;age,(freq(gender) / age),0.6386856629444231,0.03745743473325766,0.35757792905768543,0.3445736755784554
466,age;is_long_contract;usage_cluster;contract_ratio,(((age - is_long_contract) * usage_cluster))^2,0.633749848356181,0.06359649122807018,0.23715415019762845,0.3115001632606265
467,gender;age,(freq(gender) * age),0.6386856629444231,0.03745743473325766,0.35757792905768543,0.3445736755784554
468,gender;age,(freq(gender) * age),0.6386856629444231,0.03745743473325766,0.35757792905768543,0.3445736755784554
469,gender;age,(freq(gender) * age),0.6386856629444231,0.03745743473325766,0.35757792905768543,0.3445736755784554
470,subscription_type;age,(freq(subscription_type) * age),0.6416347381864623,0.02868617326448652,0.3551064597618188,0.34180912373758926
471,gender;age,(freq(gender) * age),0.6386856629444231,0.03745743473325766,0.35757792905768543,0.3445736755784554
